"id","fqdn/ip","port","severity","finding","cve","cwe"
"service","www.justice.fr/185.24.184.180","443","INFO","HTTP","",""
"pre_128cipher","www.justice.fr/185.24.184.180","443","INFO","No 128 cipher limit bug","",""
"SSLv2","www.justice.fr/185.24.184.180","443","OK","not offered","",""
"SSLv3","www.justice.fr/185.24.184.180","443","OK","not offered","",""
"TLS1","www.justice.fr/185.24.184.180","443","LOW","offered (deprecated)","",""
"TLS1_1","www.justice.fr/185.24.184.180","443","LOW","offered (deprecated)","",""
"TLS1_2","www.justice.fr/185.24.184.180","443","OK","offered","",""
"TLS1_3","www.justice.fr/185.24.184.180","443","INFO","not offered + downgraded to weaker protocol","",""
"ALPN","www.justice.fr/185.24.184.180","443","INFO","not offered","",""
"cipherlist_NULL","www.justice.fr/185.24.184.180","443","OK","not offered","","CWE-327"
"cipherlist_aNULL","www.justice.fr/185.24.184.180","443","OK","not offered","","CWE-327"
"cipherlist_EXPORT","www.justice.fr/185.24.184.180","443","OK","not offered","","CWE-327"
"cipherlist_LOW","www.justice.fr/185.24.184.180","443","OK","not offered","","CWE-327"
"cipherlist_3DES_IDEA","www.justice.fr/185.24.184.180","443","INFO","not offered","","CWE-310"
"cipherlist_AVERAGE","www.justice.fr/185.24.184.180","443","LOW","offered","","CWE-310"
"cipherlist_GOOD","www.justice.fr/185.24.184.180","443","OK","offered","",""
"cipherlist_STRONG","www.justice.fr/185.24.184.180","443","OK","offered","",""
"cipherorder_TLSv1","www.justice.fr/185.24.184.180","443","INFO","ECDHE-RSA-AES128-SHA","",""
"cipherorder_TLSv1_1","www.justice.fr/185.24.184.180","443","INFO","ECDHE-RSA-AES128-SHA","",""
"cipherorder_TLSv1_2","www.justice.fr/185.24.184.180","443","INFO","ECDHE-RSA-AES128-GCM-SHA256","",""
"cipher_order","www.justice.fr/185.24.184.180","443","OK","server","",""
"protocol_negotiated","www.justice.fr/185.24.184.180","443","OK","Default protocol TLS1.2","",""
"cipher_negotiated","www.justice.fr/185.24.184.180","443","OK","ECDHE-RSA-AES128-GCM-SHA256, 256 bit ECDH (P-256)","",""
"FS","www.justice.fr/185.24.184.180","443","OK","offered","",""
"FS_ciphers","www.justice.fr/185.24.184.180","443","INFO","DHE-RSA-AES128-GCM-SHA256 DHE-RSA-AES128-SHA256 DHE-RSA-AES128-SHA DHE-RSA-AES256-GCM-SHA384 DHE-RSA-AES256-SHA256 DHE-RSA-AES256-SHA DHE-RSA-CAMELLIA128-SHA DHE-RSA-CAMELLIA256-SHA ECDHE-RSA-AES128-GCM-SHA256 ECDHE-RSA-AES128-SHA256 ECDHE-RSA-AES128-SHA ECDHE-RSA-AES256-GCM-SHA384 ECDHE-RSA-AES256-SHA384 ECDHE-RSA-AES256-SHA","",""
"FS_ECDHE_curves","www.justice.fr/185.24.184.180","443","OK","prime256v1 secp384r1","",""
"TLS_extensions","www.justice.fr/185.24.184.180","443","INFO","'renegotiation info/#65281' 'EC point formats/#11' 'extended master secret/#23'","",""
"TLS_session_ticket","www.justice.fr/185.24.184.180","443","INFO","no -- no lifetime advertised","",""
"SSL_sessionID_support","www.justice.fr/185.24.184.180","443","INFO","yes","",""
"sessionresumption_ticket","www.justice.fr/185.24.184.180","443","INFO","not supported","",""
"sessionresumption_ID","www.justice.fr/185.24.184.180","443","INFO","supported","",""
"TLS_timestamp","www.justice.fr/185.24.184.180","443","INFO","random","",""
"cert_compression","www.justice.fr/185.24.184.180","443","INFO","N/A","",""
"clientAuth","www.justice.fr/185.24.184.180","443","INFO","none","",""
"cert_numbers","www.justice.fr/185.24.184.180","443","INFO","1","",""
"cert_signatureAlgorithm","www.justice.fr/185.24.184.180","443","OK","SHA256 with RSA","",""
"cert_keySize","www.justice.fr/185.24.184.180","443","INFO","RSA 2048 bits (exponent is 65537)","",""
"cert_keyUsage","www.justice.fr/185.24.184.180","443","INFO","Digital Signature, Key Encipherment","",""
"cert_extKeyUsage","www.justice.fr/185.24.184.180","443","INFO","TLS Web Server Authentication","",""
"cert_serialNumber","www.justice.fr/185.24.184.180","443","INFO","65319FD54A81D459F67A0A61E2AA4914","",""
"cert_serialNumberLen","www.justice.fr/185.24.184.180","443","INFO","16","",""
"cert_fingerprintSHA1","www.justice.fr/185.24.184.180","443","INFO","571B0D9B04AC3D860A61B13B96FCCBB62242FBC3","",""
"cert_fingerprintSHA256","www.justice.fr/185.24.184.180","443","INFO","80232BDF1AA7DA5A26E0F1AE939F0BCA6D7AD15383BA3A28ECE3EBBCFDEAAFC0","",""
"cert","www.justice.fr/185.24.184.180","443","INFO","-----BEGIN CERTIFICATE----- MIIIZjCCBk6gAwIBAgIQZTGf1UqB1Fn2egph4qpJFDANBgkqhkiG9w0BAQsFADB9 MQswCQYDVQQGEwJGUjESMBAGA1UECgwJREhJTVlPVElTMRwwGgYDVQQLDBMwMDAy IDQ4MTQ2MzA4MTAwMDM2MR0wGwYDVQRhDBROVFJGUi00ODE0NjMwODEwMDAzNjEd MBsGA1UEAwwUQ2VydGlnbmEgU2VydmljZXMgQ0EwHhcNMjIwMzEwMjMwMDAwWhcN MjMwMzEwMjI1OTU5WjCBizELMAkGA1UEBhMCRlIxDjAMBgNVBAcMBVBBUklTMSAw HgYDVQQKDBdNSU5JU1RFUkUgREUgTEEgSlVTVElDRTEcMBoGA1UECwwTMDAwMiAx MTAwMTAwMTQwMDAxNDEXMBUGA1UEAwwOd3d3Lmp1c3RpY2UuZnIxEzARBgNVBAUT ClMyMjk4NjA4NTQwggEiMA0GCSqGSIb3DQEBAQUAA4IBDwAwggEKAoIBAQC7RL9X 10b6sEH6ZbXj7eNhRQvvT8pipEbGE8psuNm5q3aJBGxl3txnNnx+0tqOR4cqzfkA zrl4b0XlHEAI01pblniDj+vq3z6IdGllE5CU5qjFSTTMXo3+mhW2lm5I7aYxKX8R F5P8GfjQxNQa31A8PIRj7lhRUME6FktBmcpJ/k1G7/9L3aoeSwH62lhrF71mgXTe par6Ky28lBTzzEOJI1RezZBEHb1/9+N1QVoccIbolTWyekWuNwKuWNjcM9JPFWIG Jfq22gYUYEaLawIafMPCnK9ncrTMA7JoAo6Ot2jQFAgLIxC8D/+RZ5oXkM+dVgHI SN+didS75rQsUDFzAgMBAAGjggPRMIIDzTCB5AYIKwYBBQUHAQEEgdcwgdQwOAYI KwYBBQUHMAKGLGh0dHA6Ly9hdXRvcml0ZS5kaGlteW90aXMuY29tL3NlcnZpY2Vz Y2EuZGVyMDYGCCsGAQUFBzAChipodHRwOi8vYXV0b3JpdGUuY2VydGlnbmEuZnIv c2VydmljZXNjYS5kZXIwMAYIKwYBBQUHMAGGJGh0dHA6Ly9zZXJ2aWNlc2NhLm9j c3AuZGhpbXlvdGlzLmNvbTAuBggrBgEFBQcwAYYiaHR0cDovL3NlcnZpY2VzY2Eu b2NzcC5jZXJ0aWduYS5mcjAfBgNVHSMEGDAWgBSs7IaPSzccuH8XGxnQruhO4zRc EjAJBgNVHRMEAjAAMGEGA1UdIARaMFgwCAYGZ4EMAQICMEwGCyqBegGBMQIFAQEB MD0wOwYIKwYBBQUHAgEWL2h0dHBzOi8vd3d3LmNlcnRpZ25hLmNvbS9hdXRvcml0 ZS1jZXJ0aWZpY2F0aW9uMGUGA1UdHwReMFwwK6ApoCeGJWh0dHA6Ly9jcmwuY2Vy dGlnbmEuZnIvc2VydmljZXNjYS5jcmwwLaAroCmGJ2h0dHA6Ly9jcmwuZGhpbXlv dGlzLmNvbS9zZXJ2aWNlc2NhLmNybDATBgNVHSUEDDAKBggrBgEFBQcDATAOBgNV HQ8BAf8EBAMCBaAwJQYDVR0RBB4wHIIKanVzdGljZS5mcoIOd3d3Lmp1c3RpY2Uu ZnIwHQYDVR0OBBYEFLmLgrYKiZ+m9XS0y2DjvuCMHcXhMIIBgQYKKwYBBAHWeQIE AgSCAXEEggFtAWsAdwCt9776fP8QyIudPZwePhhqtGcpXc+xDCTKhYY069yCigAA AX95hcH1AAAEAwBIMEYCIQD0qCItQP8abEhjlBX2OcNrB7CwxaD+1V4vJK29OWpP 5gIhAI7r1VsYJLdB96smXJc/xcRu1r2M8mjIHqQJPMhOlrqKAHcA6D7Q2j71BjUy 51covIlryQPTy9ERa+zraeF3fW0GvW4AAAF/eYXCHQAABAMASDBGAiEAz5oJJQzy mOOe2jEkr+3DO5jNR4GFguK1lciMuqlQrtgCIQCyp+bR362YX+/JaHJQcLDLGv1T 2xtBxzWizWUV5vny3gB3ALNzdwfhhFD4Y4bWBancEQlKeS2xZwwLh9zwAw55NqWa AAABf3mFxj8AAAQDAEgwRgIhALWXVWJiEnkEZPWUC9FW1LKeaZ+3NQQfDHDwJxG7 xWVEAiEAwaoW1yx2rW9aOI0wkW+h/lrpBDM2WyqOWrLPPM9ofjQwDQYJKoZIhvcN AQELBQADggIBADjbbNciY2a3Hj5bbiLG540FJ2lS3PIvO6YaajdnRO6uQgLXSk+H TBXf7qOWMyCJGnFgWH0PJKPKOuxw5Bd1EoGnvao3ZICH0A7OQBNiVg3l8N4cHke7 klPmwevIkUIbH2HsVP9GcvcmcTziXKPpuvG0leUaQO0xcWs/xmU3dieE2wEdB11k TAQNKSznaEAA22qdQQ6f07eYOjdMRxXzKvVdqoveAU+D4MMksXFbiIQczGvwNujB dgUBo2GpzybzrV8eDniJywaxik2H0EtFzi1wf1iZpHzXw/sHv/ak9CnSb4w7byid 7hWySQlhklzi1BjVl+ogQR0rE6YiKme6MNvgazo5ykh9lOZ1l0PNs5OYdn7iCBIx u/L8cpeM3LrV6LH094FZqtb9hjbcVQFT7ZEckYnkYAxAyZD0vV6RxS9h2Phn+kKj gGg0UVj0HOp7bHysuLPMjCQATk6+qTy3ZhZjSGiRa2sISHwB9Ayb6uF/E6N/c6N2 e3h01snzfrQZD4hcu8u5TjJ4GKK4Yzoqi6CkWUw9WHQ5TAIXIG79n1n9KwQfhNPt BorP1rMZjQVYU9GjXqquNErjtitoJ2mAhzwSRh3oPSfWu4AgplqbPnQ7C8czEpH/ lxyONwH08iQW0NMG20miVCvJH3OErSzjMjy0l/sUrdNUNEKhTF154xpz -----END CERTIFICATE-----","",""
"cert_commonName","www.justice.fr/185.24.184.180","443","OK","www.justice.fr","",""
"cert_commonName_wo_SNI","www.justice.fr/185.24.184.180","443","INFO","www.justice.fr","",""
"cert_subjectAltName","www.justice.fr/185.24.184.180","443","INFO","justice.fr www.justice.fr","",""
"cert_trust","www.justice.fr/185.24.184.180","443","OK","Ok via SAN and CN (same w/o SNI)","",""
"cert_chain_of_trust","www.justice.fr/185.24.184.180","443","CRITICAL","Some certificate trust checks failed -> Java (self signed CA in chain)  , OK -> Mozilla Microsoft Linux Apple","",""
"cert_certificatePolicies_EV","www.justice.fr/185.24.184.180","443","INFO","no","",""
"cert_expirationStatus","www.justice.fr/185.24.184.180","443","OK","187 >= 60 days","",""
"cert_notBefore","www.justice.fr/185.24.184.180","443","INFO","2022-03-10 23:00","",""
"cert_notAfter","www.justice.fr/185.24.184.180","443","OK","2023-03-10 22:59","",""
"cert_extlifeSpan","www.justice.fr/185.24.184.180","443","OK","certificate has no extended life time according to browser forum","",""
"cert_eTLS","www.justice.fr/185.24.184.180","443","INFO","not present","",""
"cert_crlDistributionPoints","www.justice.fr/185.24.184.180","443","INFO","http://crl.certigna.fr/servicesca.crl http://crl.dhimyotis.com/servicesca.crl","",""
"cert_ocspURL","www.justice.fr/185.24.184.180","443","INFO","http://servicesca.ocsp.dhimyotis.com http://servicesca.ocsp.certigna.fr","",""
"OCSP_stapling","www.justice.fr/185.24.184.180","443","LOW","not offered","",""
"cert_mustStapleExtension","www.justice.fr/185.24.184.180","443","INFO","--","",""
"DNS_CAArecord","www.justice.fr/185.24.184.180","443","LOW","--","",""
"certificate_transparency","www.justice.fr/185.24.184.180","443","OK","yes (certificate extension)","",""
"certs_countServer","www.justice.fr/185.24.184.180","443","INFO","3","",""
"certs_list_ordering_problem","www.justice.fr/185.24.184.180","443","INFO","no","",""
"cert_caIssuers","www.justice.fr/185.24.184.180","443","INFO","Certigna Services CA (DHIMYOTIS from FR)","",""
"intermediate_cert <#1>","www.justice.fr/185.24.184.180","443","INFO","-----BEGIN CERTIFICATE----- MIIGFjCCBP6gAwIBAgIQb4L6KKzW94S7WxILqHNnrTANBgkqhkiG9w0BAQsFADA0 MQswCQYDVQQGEwJGUjESMBAGA1UECgwJRGhpbXlvdGlzMREwDwYDVQQDDAhDZXJ0 aWduYTAeFw0xNTExMjUxMTMzNTJaFw0yNTExMjIxMTMzNTJaMH0xCzAJBgNVBAYT AkZSMRIwEAYDVQQKDAlESElNWU9USVMxHDAaBgNVBAsMEzAwMDIgNDgxNDYzMDgx MDAwMzYxHTAbBgNVBGEMFE5UUkZSLTQ4MTQ2MzA4MTAwMDM2MR0wGwYDVQQDDBRD ZXJ0aWduYSBTZXJ2aWNlcyBDQTCCAiIwDQYJKoZIhvcNAQEBBQADggIPADCCAgoC ggIBALPM+7LpWBz9wFcPaTc3xnB+5g0XrnptB0EPPfrR04vO52Ykm4ky1d4ZLd10 tbM1fa1RqNSOVWWg93O4pL7zCFKlz6JV74ZZVhHpEAwzBwv2oPnxvVbxtSN67xsS Y66ahUYxjzs8+3FhmsiRxqwnTYvK2u70uglUvRisOKyTL/M6JnrC4y8tlmoz7OSa 5BmBMVplJFQtvmON6N9aHLvYMz+EyJPCbXL6pELxeHjFT5QmIaRamsr2DOTaCjtB ZKI1Wnh3X7lnbjM8MESJiV2t7E9tIQNG0Z/HI3tO4aaUMum3KysY5sC8v3vi7rry GidgzHQhrtP0ZXWW5UH/k7umLS/P/XXWnCFpc2Lxa1uDGfc2im7xibRoPP+JNZsz N76euFlls6jyEXAiwnVr14tVVTewLK0OWs5SJHpEKp8PGMZRDj59EmMvokWwzL6Q zNZ6vVAp00oOm05sbspNY9+MFqGKKUsKvhFGEa4XmRNxDe6KswLcjPZB+NKHZ0QW Fd4ip5C5XmEK/8qIPjwVr9dah9+oiHGGO8Wx7gJAMF5DTmkvW7GhqCKj1LmHnabj zc8av6kxWVQZi/C7HCm9i/W4wio+JA2EAFLqNL3GPNbK9kau4yPhQt/c7zxzo0OH nlsV4THCG7oOCd3cfCiyfQcb3FBt6OSpaKRZxjCLBwP00r0fAgMBAAGjggHZMIIB 1TASBgNVHRMBAf8ECDAGAQH/AgEAMA4GA1UdDwEB/wQEAwIBBjAdBgNVHQ4EFgQU rOyGj0s3HLh/FxsZ0K7oTuM0XBIwZAYDVR0jBF0wW4AUGu3+QTmQtCRZvgHyUtVF 9lo53BGhOKQ2MDQxCzAJBgNVBAYTAkZSMRIwEAYDVQQKDAlEaGlteW90aXMxETAP BgNVBAMMCENlcnRpZ25hggkA/tzjAQ/JSP8wSQYDVR0gBEIwQDA+BgoqgXoBgTEB AAECMDAwLgYIKwYBBQUHAgEWImh0dHBzOi8vd3d3LmNlcnRpZ25hLmZyL2F1dG9y aXRlcy8wfAYIKwYBBQUHAQEEcDBuMDQGCCsGAQUFBzAChihodHRwOi8vYXV0b3Jp dGUuY2VydGlnbmEuZnIvY2VydGlnbmEuZGVyMDYGCCsGAQUFBzAChipodHRwOi8v YXV0b3JpdGUuZGhpbXlvdGlzLmNvbS9jZXJ0aWduYS5kZXIwYQYDVR0fBFowWDAp oCegJYYjaHR0cDovL2NybC5jZXJ0aWduYS5mci9jZXJ0aWduYS5jcmwwK6ApoCeG JWh0dHA6Ly9jcmwuZGhpbXlvdGlzLmNvbS9jZXJ0aWduYS5jcmwwDQYJKoZIhvcN AQELBQADggEBAGLft7gIuGPZVfg0cTM+HT2xAZFPDb/2+siH06x+dH044zMKbBIN bRzhKipwB1A3MW8FQjveE9tyrfyuqZE/X+o2SlGcdNV44ybYkxo4f6kcLEavV/IW +oFEnojZlhpksYcxrvQoEyqkAwshe8IS2KtZHKVACrt+XSs0lwvy7ALGmHaF7A4b y6cZWItA7Lhj8XWp+8tBJDj7HocRbWtxzEODdBuyMgJzFrNjc+97J0vH/K0+3yjm kczpKshMA0tM+MF9XDMN/MuwrPmUWGO/fHiqHgUp8yqeWtl1n44ZxkkK1t9GRwhn DWLv73/xhTmdhWYQ/reo0GbgBoLiltKmIJQ= -----END CERTIFICATE-----","",""
"intermediate_cert_fingerprintSHA256 <#1>","www.justice.fr/185.24.184.180","443","INFO","71E653BFBF5E72515B4099BBD5EC8872812B47C6EC1FA9ADD327E1C92C9EA16D","",""
"intermediate_cert_notBefore <#1>","www.justice.fr/185.24.184.180","443","INFO","2015-11-25 11:33","",""
"intermediate_cert_notAfter <#1>","www.justice.fr/185.24.184.180","443","OK","2025-11-22 11:33","",""
"intermediate_cert_expiration <#1>","www.justice.fr/185.24.184.180","443","OK","ok > 40 days","",""
"intermediate_cert_chain <#1>","www.justice.fr/185.24.184.180","443","INFO","Certigna Services CA <-- Certigna","",""
"intermediate_cert <#2>","www.justice.fr/185.24.184.180","443","INFO","-----BEGIN CERTIFICATE----- MIIDqDCCApCgAwIBAgIJAP7c4wEPyUj/MA0GCSqGSIb3DQEBBQUAMDQxCzAJBgNV BAYTAkZSMRIwEAYDVQQKDAlEaGlteW90aXMxETAPBgNVBAMMCENlcnRpZ25hMB4X DTA3MDYyOTE1MTMwNVoXDTI3MDYyOTE1MTMwNVowNDELMAkGA1UEBhMCRlIxEjAQ BgNVBAoMCURoaW15b3RpczERMA8GA1UEAwwIQ2VydGlnbmEwggEiMA0GCSqGSIb3 DQEBAQUAA4IBDwAwggEKAoIBAQDIaPHJ1tazNHUmgh7stL7qXOEm7RFHYeGifBZ4 QCHkYJ5ayGPhxLGWkv8YbWkj4Sti993iNi+RB7lIzw7sebYs5zRLcAglozyHGxny gQcPOJAZ0xH+hrTy0V4eHpbNgGzOOzGTtvKg0KmVEn2lmsxryIRWijOp5yIVUxbw zBfsV1/pogqYCd7jX5xv3EjjhQsVWqa6n6xI4wmy9/Qy3l40vhx4XUJbzg4ij02Q 130yGLMLLGq/jj8UEYkgDncUtT2UCIf3JR7VsmAA7G8qKCVuKj4YYxclPz5EIBb2 JsglrgVKtOdjLPOMFlN+XPsRGgjBRmKfIrjxwo1p3Po6WAbfAgMBAAGjgbwwgbkw DwYDVR0TAQH/BAUwAwEB/zAdBgNVHQ4EFgQUGu3+QTmQtCRZvgHyUtVF9lo53BEw ZAYDVR0jBF0wW4AUGu3+QTmQtCRZvgHyUtVF9lo53BGhOKQ2MDQxCzAJBgNVBAYT AkZSMRIwEAYDVQQKDAlEaGlteW90aXMxETAPBgNVBAMMCENlcnRpZ25hggkA/tzj AQ/JSP8wDgYDVR0PAQH/BAQDAgEGMBEGCWCGSAGG+EIBAQQEAwIABzANBgkqhkiG 9w0BAQUFAAOCAQEAhQMeknH2Qq/ho2Ge6/PAD/Kl1NqV5ta+aDY9fm4fTIrv0Q8h bV6lUmPOEvjvKtpv6zf+EwLHyzs+ImvaYS5/1HI93TDhHkxAGYwP15zRgzB7mFnc fca5DClMoTOi62c6ZYTTluLtdkVwj7Ur3vkj1kluPBS1xp81HlDQwY9qcEQCYsuu HWhBp6pX6FOqB9IG9tUUBguRA3UsbHK1YZWaDYu5Def131TN3ubY1gkIl2PlwS6w t0QmwCbAr1UwnjvVNioZBPRcHv/PLLf/0P2HQBHVESO7SMAhqaQoLf0V+LBOK/Qw WyH8EZE0vkHve52Xdf+XlcCWWC/qu0bXu+TZLg== -----END CERTIFICATE-----","",""
"intermediate_cert_fingerprintSHA256 <#2>","www.justice.fr/185.24.184.180","443","INFO","E3B6A2DB2ED7CE48842F7AC53241C7B71D54144BFB40C11F3F1D0B42F5EEA12D","",""
"intermediate_cert_notBefore <#2>","www.justice.fr/185.24.184.180","443","INFO","2007-06-29 15:13","",""
"intermediate_cert_notAfter <#2>","www.justice.fr/185.24.184.180","443","OK","2027-06-29 15:13","",""
"intermediate_cert_expiration <#2>","www.justice.fr/185.24.184.180","443","OK","ok > 40 days","",""
"intermediate_cert_chain <#2>","www.justice.fr/185.24.184.180","443","INFO","Certigna <-- Certigna","",""
"intermediate_cert_badOCSP","www.justice.fr/185.24.184.180","443","OK","intermediate certificate(s) is/are ok","",""
"HTTP_status_code","www.justice.fr/185.24.184.180","443","INFO","200 OK ('/')","",""
"HTTP_clock_skew","www.justice.fr/185.24.184.180","443","INFO","-3 seconds from localtime","",""
"HTTP_headerTime","www.justice.fr/185.24.184.180","443","INFO","1662254027","",""
"HSTS_time","www.justice.fr/185.24.184.180","443","OK","186 days (=16070400 seconds) > 15552000 seconds","",""
"HSTS_subdomains","www.justice.fr/185.24.184.180","443","OK","includes subdomains","",""
"HSTS_preload","www.justice.fr/185.24.184.180","443","INFO","domain is NOT marked for preloading","",""
"HPKP","www.justice.fr/185.24.184.180","443","INFO","No support for HTTP Public Key Pinning","",""
"banner_server","www.justice.fr/185.24.184.180","443","INFO","No Server banner line in header, interesting!","",""
"banner_application","www.justice.fr/185.24.184.180","443","INFO","No application banner found","",""
"cookie_count","www.justice.fr/185.24.184.180","443","INFO","2 at '/'","",""
"cookie_secure","www.justice.fr/185.24.184.180","443","INFO","1/2 at '/' marked as secure","",""
"cookie_httponly","www.justice.fr/185.24.184.180","443","INFO","1/2 at '/' marked as HttpOnly","",""
"cookie_bigip_f5","www.justice.fr/185.24.184.180","443","INFO","encrypted F5 cookie named MJ","",""
"X-Frame-Options","www.justice.fr/185.24.184.180","443","OK","SAMEORIGIN","",""
"X-Content-Type-Options","www.justice.fr/185.24.184.180","443","OK","nosniff","",""
"Cache-Control","www.justice.fr/185.24.184.180","443","INFO","public, max-age=86400","",""
"banner_reverseproxy","www.justice.fr/185.24.184.180","443","INFO","X-Cache: HIT","","CWE-200"
"heartbleed","www.justice.fr/185.24.184.180","443","OK","not vulnerable, no heartbeat extension","CVE-2014-0160","CWE-119"
"CCS","www.justice.fr/185.24.184.180","443","OK","not vulnerable","CVE-2014-0224","CWE-310"
"ticketbleed","www.justice.fr/185.24.184.180","443","OK","no session ticket extension","CVE-2016-9244","CWE-200"
"ROBOT","www.justice.fr/185.24.184.180","443","OK","not vulnerable","CVE-2017-17382 CVE-2017-17427 CVE-2017-17428 CVE-2017-13098 CVE-2017-1000385 CVE-2017-13099 CVE-2016-6883 CVE-2012-5081 CVE-2017-6168","CWE-203"
"secure_renego","www.justice.fr/185.24.184.180","443","OK","supported","","CWE-310"
"secure_client_renego","www.justice.fr/185.24.184.180","443","OK","not vulnerable, mitigated","CVE-2011-1473","CWE-310"
"CRIME_TLS","www.justice.fr/185.24.184.180","443","OK","not vulnerable","CVE-2012-4929","CWE-310"
"BREACH","www.justice.fr/185.24.184.180","443","MEDIUM","potentially VULNERABLE, gzip HTTP compression detected  - only supplied '/' tested","CVE-2013-3587","CWE-310"
"POODLE_SSL","www.justice.fr/185.24.184.180","443","OK","not vulnerable, no SSLv3","CVE-2014-3566","CWE-310"
"fallback_SCSV","www.justice.fr/185.24.184.180","443","OK","Probably oK","",""
"fallback_SCSV","www.justice.fr/185.24.184.180","443","MEDIUM","received non-RFC-compliant 'handshake failure' instead of 'inappropriate fallback'","",""
"SWEET32","www.justice.fr/185.24.184.180","443","OK","not vulnerable","CVE-2016-2183 CVE-2016-6329","CWE-327"
"FREAK","www.justice.fr/185.24.184.180","443","OK","not vulnerable","CVE-2015-0204","CWE-310"
"DROWN","www.justice.fr/185.24.184.180","443","OK","not vulnerable on this host and port","CVE-2016-0800 CVE-2016-0703","CWE-310"
"DROWN_hint","www.justice.fr/185.24.184.180","443","INFO","Make sure you don't use this certificate elsewhere with SSLv2 enabled services, see https://search.censys.io/search?resource=hosts&virtual_hosts=INCLUDE&q=80232BDF1AA7DA5A26E0F1AE939F0BCA6D7AD15383BA3A28ECE3EBBCFDEAAFC0","CVE-2016-0800 CVE-2016-0703","CWE-310"
"LOGJAM","www.justice.fr/185.24.184.180","443","OK","not vulnerable, no DH EXPORT ciphers,","CVE-2015-4000","CWE-310"
"LOGJAM","www.justice.fr/185.24.184.180","443","MEDIUM","no DH EXPORT ciphers, no common prime but Unknown DH group has only 1024 bits,","CVE-2015-4000","CWE-310"
"BEAST_CBC_TLS1","www.justice.fr/185.24.184.180","443","MEDIUM","ECDHE-RSA-AES128-SHA ECDHE-RSA-AES256-SHA AES128-SHA AES256-SHA CAMELLIA128-SHA CAMELLIA256-SHA DHE-RSA-AES128-SHA DHE-RSA-AES256-SHA DHE-RSA-CAMELLIA128-SHA DHE-RSA-CAMELLIA256-SHA","CVE-2011-3389","CWE-20"
"BEAST","www.justice.fr/185.24.184.180","443","LOW","VULNERABLE -- but also supports higher protocols  TLSv1.1 TLSv1.2 (likely mitigated)","CVE-2011-3389","CWE-20"
"LUCKY13","www.justice.fr/185.24.184.180","443","LOW","potentially vulnerable, uses TLS CBC ciphers","CVE-2013-0169","CWE-310"
"winshock","www.justice.fr/185.24.184.180","443","OK","not vulnerable","CVE-2014-6321","CWE-94"
"RC4","www.justice.fr/185.24.184.180","443","OK","not vulnerable","CVE-2013-2566 CVE-2015-2808","CWE-310"
"clientsimulation-android_60","www.justice.fr/185.24.184.180","443","INFO","TLSv1.2 ECDHE-RSA-AES128-GCM-SHA256","",""
"clientsimulation-android_70","www.justice.fr/185.24.184.180","443","INFO","TLSv1.2 ECDHE-RSA-AES128-GCM-SHA256","",""
"clientsimulation-android_81","www.justice.fr/185.24.184.180","443","INFO","TLSv1.2 ECDHE-RSA-AES128-GCM-SHA256","",""
"clientsimulation-android_90","www.justice.fr/185.24.184.180","443","INFO","TLSv1.2 ECDHE-RSA-AES128-GCM-SHA256","",""
"clientsimulation-android_X","www.justice.fr/185.24.184.180","443","INFO","TLSv1.2 ECDHE-RSA-AES128-GCM-SHA256","",""
"clientsimulation-android_11","www.justice.fr/185.24.184.180","443","INFO","TLSv1.2 ECDHE-RSA-AES128-GCM-SHA256","",""
"clientsimulation-android_12","www.justice.fr/185.24.184.180","443","INFO","TLSv1.2 ECDHE-RSA-AES128-GCM-SHA256","",""
"clientsimulation-chrome_79_win10","www.justice.fr/185.24.184.180","443","INFO","TLSv1.2 ECDHE-RSA-AES128-GCM-SHA256","",""
"clientsimulation-chrome_101_win10","www.justice.fr/185.24.184.180","443","INFO","No connection","",""
"clientsimulation-firefox_66_win81","www.justice.fr/185.24.184.180","443","INFO","TLSv1.2 ECDHE-RSA-AES128-GCM-SHA256","",""
"clientsimulation-firefox_100_win10","www.justice.fr/185.24.184.180","443","INFO","TLSv1.2 ECDHE-RSA-AES128-GCM-SHA256","",""
"clientsimulation-ie_6_xp","www.justice.fr/185.24.184.180","443","INFO","No connection","",""
"clientsimulation-ie_8_win7","www.justice.fr/185.24.184.180","443","INFO","TLSv1.0 ECDHE-RSA-AES128-SHA","",""
"clientsimulation-ie_8_xp","www.justice.fr/185.24.184.180","443","INFO","No connection","",""
"clientsimulation-ie_11_win7","www.justice.fr/185.24.184.180","443","INFO","TLSv1.2 ECDHE-RSA-AES128-SHA","",""
"clientsimulation-ie_11_win81","www.justice.fr/185.24.184.180","443","INFO","TLSv1.2 ECDHE-RSA-AES128-SHA","",""
"clientsimulation-ie_11_winphone81","www.justice.fr/185.24.184.180","443","INFO","TLSv1.2 ECDHE-RSA-AES128-SHA","",""
"clientsimulation-ie_11_win10","www.justice.fr/185.24.184.180","443","INFO","TLSv1.2 ECDHE-RSA-AES128-GCM-SHA256","",""
"clientsimulation-edge_15_win10","www.justice.fr/185.24.184.180","443","INFO","TLSv1.2 ECDHE-RSA-AES128-GCM-SHA256","",""
"clientsimulation-edge_101_win10_21h2","www.justice.fr/185.24.184.180","443","INFO","No connection","",""
"clientsimulation-safari_121_ios_122","www.justice.fr/185.24.184.180","443","INFO","TLSv1.2 ECDHE-RSA-AES128-GCM-SHA256","",""
"clientsimulation-safari_130_osx_10146","www.justice.fr/185.24.184.180","443","INFO","TLSv1.2 ECDHE-RSA-AES128-GCM-SHA256","",""
"clientsimulation-safari_154_osx_1231","www.justice.fr/185.24.184.180","443","INFO","TLSv1.2 ECDHE-RSA-AES128-GCM-SHA256","",""
"clientsimulation-java_7u25","www.justice.fr/185.24.184.180","443","INFO","TLSv1.0 ECDHE-RSA-AES128-SHA","",""
"clientsimulation-java_8u161","www.justice.fr/185.24.184.180","443","INFO","TLSv1.2 ECDHE-RSA-AES128-GCM-SHA256","",""
"clientsimulation-java1102","www.justice.fr/185.24.184.180","443","INFO","TLSv1.2 ECDHE-RSA-AES128-GCM-SHA256","",""
"clientsimulation-java1703","www.justice.fr/185.24.184.180","443","INFO","No connection","",""
"clientsimulation-go_1178","www.justice.fr/185.24.184.180","443","INFO","TLSv1.2 ECDHE-RSA-AES128-GCM-SHA256","",""
"clientsimulation-libressl_283","www.justice.fr/185.24.184.180","443","INFO","TLSv1.2 ECDHE-RSA-AES128-GCM-SHA256","",""
"clientsimulation-openssl_102e","www.justice.fr/185.24.184.180","443","INFO","TLSv1.2 ECDHE-RSA-AES128-GCM-SHA256","",""
"clientsimulation-openssl_110l","www.justice.fr/185.24.184.180","443","INFO","TLSv1.2 ECDHE-RSA-AES128-GCM-SHA256","",""
"clientsimulation-openssl_111d","www.justice.fr/185.24.184.180","443","INFO","No connection","",""
"clientsimulation-openssl_303","www.justice.fr/185.24.184.180","443","INFO","No connection","",""
"clientsimulation-apple_mail_16_0","www.justice.fr/185.24.184.180","443","INFO","TLSv1.2 ECDHE-RSA-AES128-GCM-SHA256","",""
"clientsimulation-thunderbird_91_9","www.justice.fr/185.24.184.180","443","INFO","TLSv1.2 ECDHE-RSA-AES128-GCM-SHA256","",""
"rating_spec","www.justice.fr/185.24.184.180","443","INFO","SSL Labs's 'SSL Server Rating Guide' (version 2009q from 2020-01-30)","",""
"rating_doc","www.justice.fr/185.24.184.180","443","INFO","https://github.com/ssllabs/research/wiki/SSL-Server-Rating-Guide","",""
"protocol_support_score","www.justice.fr/185.24.184.180","443","INFO","95","",""
"protocol_support_score_weighted","www.justice.fr/185.24.184.180","443","INFO","28","",""
"key_exchange_score","www.justice.fr/185.24.184.180","443","INFO","80","",""
"key_exchange_score_weighted","www.justice.fr/185.24.184.180","443","INFO","24","",""
"cipher_strength_score","www.justice.fr/185.24.184.180","443","INFO","60","",""
"cipher_strength_score_weighted","www.justice.fr/185.24.184.180","443","INFO","24","",""
"final_score","www.justice.fr/185.24.184.180","443","INFO","76","",""
"overall_grade","www.justice.fr/185.24.184.180","443","MEDIUM","B","",""
"grade_cap_reason_1","www.justice.fr/185.24.184.180","443","INFO","Grade capped to B. TLS 1.1 offered","",""
"grade_cap_reason_2","www.justice.fr/185.24.184.180","443","INFO","Grade capped to B. TLS 1.0 offered","",""
